new_base_index,base_name,source_base_name,scene_id,tx_index,crop_x,crop_y,crop_size,source_crop_x,source_crop_y,source_crop_size,crop_offset_x,crop_offset_y,tx_local_image_x,tx_local_image_y,tx_edge_margin,building_ratio,non_building_ratio,center_building_ratio,inner_building_ratio,edge_building_share,occupied_quadrants,occupied_5x5_cells,significant_components,internal_components,largest_component_fraction,selection_score
0,farm_D1_scene7_freq59_iso_tx46_x260_y172_s100,D1_scene7_freq59_iso_tx46_yaw0,7,46,260,172,100,0,0,512,260,172,50,83,16,0.148200,0.851800,0.283056,0.231475,0.036437,4,14,4,4,0.528340,0.022825
1,farm_D1_scene7_freq59_iso_tx46_x260_y184_s100,D1_scene7_freq59_iso_tx46_yaw0,7,46,260,184,100,0,0,512,260,184,50,71,16,0.148200,0.851800,0.235556,0.212084,0.068151,3,13,4,4,0.528340,0.023224
2,farm_D1_scene7_freq59_iso_tx55_x258_y186_s100,D1_scene7_freq59_iso_tx55_yaw0,7,55,258,186,100,0,0,512,258,186,16,83,16,0.148200,0.851800,0.226667,0.198753,0.106613,3,13,4,4,0.528340,0.023709
3,farm_D1_scene7_freq59_iso_tx46_x269_y172_s100,D1_scene7_freq59_iso_tx46_yaw0,7,46,269,172,100,0,0,512,269,172,41,83,16,0.143500,0.856500,0.278889,0.231821,0.023693,4,14,4,3,0.545645,0.027702
4,farm_D1_scene7_freq59_iso_tx46_x269_y184_s100,D1_scene7_freq59_iso_tx46_yaw0,7,46,269,184,100,0,0,512,269,184,41,71,16,0.143500,0.856500,0.211111,0.210353,0.056446,3,13,4,3,0.545645,0.028101
5,farm_D1_scene7_freq59_iso_tx45_x249_y166_s100,D1_scene7_freq59_iso_tx45_yaw0,7,45,249,166,100,0,0,512,249,166,16,65,16,0.141500,0.858500,0.238889,0.180055,0.168198,4,12,4,3,0.553357,0.031588
6,farm_D1_scene7_freq59_iso_tx46_x251_y177_s100,D1_scene7_freq59_iso_tx46_yaw0,7,46,251,177,100,0,0,512,251,177,59,78,16,0.147900,0.852100,0.255000,0.195983,0.155510,4,15,5,3,0.529412,0.034641
7,farm_D1_scene7_freq59_iso_tx46_x251_y185_s100,D1_scene7_freq59_iso_tx46_yaw0,7,46,251,185,100,0,0,512,251,185,59,70,16,0.147900,0.852100,0.230556,0.186115,0.180527,3,14,5,3,0.529412,0.034956
8,farm_D1_scene7_freq59_iso_tx45_x249_y154_s100,D1_scene7_freq59_iso_tx45_yaw0,7,45,249,154,100,0,0,512,249,154,16,77,16,0.137300,0.862700,0.184722,0.157202,0.212673,4,11,4,1,0.570284,0.036585
9,farm_D1_scene7_freq59_iso_tx45_x249_y178_s100,D1_scene7_freq59_iso_tx45_yaw0,7,45,249,178,100,0,0,512,249,178,16,53,16,0.145600,0.854400,0.254722,0.187327,0.180632,4,14,5,3,0.537775,0.037389
10,farm_D1_scene7_freq59_iso_tx55_x251_y191_s100,D1_scene7_freq59_iso_tx55_yaw0,7,55,251,191,100,0,0,512,251,191,23,78,16,0.145100,0.854900,0.217500,0.168629,0.223983,3,14,5,3,0.539628,0.038452
11,farm_D1_scene7_freq59_iso_tx45_x249_y190_s100,D1_scene7_freq59_iso_tx45_yaw0,7,45,249,190,100,0,0,512,249,190,16,41,16,0.144200,0.855800,0.219444,0.167590,0.233010,3,13,5,3,0.542996,0.039513
12,farm_D1_scene7_freq59_iso_tx46_x275_y178_s100,D1_scene7_freq59_iso_tx46_yaw0,7,46,275,178,100,0,0,512,275,178,35,77,16,0.141900,0.858100,0.217778,0.202043,0.090204,3,11,3,2,0.543340,0.040054
13,farm_D1_scene7_freq59_iso_tx46_x275_y190_s100,D1_scene7_freq59_iso_tx46_yaw0,7,46,275,190,100,0,0,512,275,190,35,65,16,0.140500,0.859500,0.153333,0.157202,0.202847,3,11,3,1,0.548754,0.042895
14,farm_D1_scene7_freq59_iso_tx46_x269_y196_s100,D1_scene7_freq59_iso_tx46_yaw0,7,46,269,196,100,0,0,512,269,196,41,59,16,0.131100,0.868900,0.151389,0.149065,0.202136,3,11,4,1,0.597254,0.043095
15,farm_D1_scene7_freq59_iso_tx55_x258_y198_s100,D1_scene7_freq59_iso_tx55_yaw0,7,55,258,198,100,0,0,512,258,198,16,71,16,0.131100,0.868900,0.194444,0.149584,0.233410,3,10,4,2,0.597254,0.043444
16,farm_D1_scene7_freq59_iso_tx46_x257_y196_s100,D1_scene7_freq59_iso_tx46_yaw0,7,46,257,196,100,0,0,512,257,196,53,59,16,0.135800,0.864200,0.206389,0.154952,0.218704,3,11,4,2,0.576583,0.043881
17,farm_D1_scene7_freq59_iso_tx46_x281_y172_s100,D1_scene7_freq59_iso_tx46_yaw0,7,46,281,172,100,0,0,512,281,172,29,83,16,0.133900,0.866100,0.215278,0.172957,0.165049,3,12,3,1,0.516057,0.048298
18,farm_D1_scene7_freq59_iso_tx46_x281_y184_s100,D1_scene7_freq59_iso_tx46_yaw0,7,46,281,184,100,0,0,512,281,184,29,71,16,0.133900,0.866100,0.151111,0.151489,0.200149,3,11,3,1,0.516057,0.048697
19,farm_D1_scene7_freq59_iso_tx36_x264_y140_s100,D1_scene7_freq59_iso_tx36_yaw0,7,36,264,140,100,0,0,512,264,140,50,16,16,0.127700,0.872300,0.143611,0.170706,0.118246,3,11,3,2,0.492561,0.053433
20,farm_D1_scene7_freq59_iso_tx36_x273_y140_s100,D1_scene7_freq59_iso_tx36_yaw0,7,36,273,140,100,0,0,512,273,140,41,16,16,0.127700,0.872300,0.168889,0.168802,0.118246,3,11,3,2,0.492561,0.053433
21,farm_D1_scene7_freq59_iso_tx36_x255_y140_s100,D1_scene7_freq59_iso_tx36_yaw0,7,36,255,140,100,0,0,512,255,140,59,16,16,0.127700,0.872300,0.078611,0.132445,0.213782,3,10,3,2,0.492561,0.054469
22,farm_D1_scene7_freq59_iso_tx46_x245_y196_s100,D1_scene7_freq59_iso_tx46_yaw0,7,46,245,196,100,0,0,512,245,196,65,59,16,0.127300,0.872700,0.222500,0.146988,0.262372,3,14,5,3,0.615082,0.057838
23,farm_D1_scene7_freq59_iso_tx36_x284_y140_s100,D1_scene7_freq59_iso_tx36_yaw0,7,36,284,140,100,0,0,512,284,140,30,16,16,0.123000,0.877000,0.154444,0.140235,0.208130,3,9,3,1,0.484553,0.058865
24,farm_D1_scene7_freq59_iso_tx45_x243_y160_s100,D1_scene7_freq59_iso_tx45_yaw0,7,45,243,160,100,0,0,512,243,160,22,71,16,0.125100,0.874900,0.211389,0.153220,0.224620,4,13,5,2,0.625899,0.059804
25,farm_D1_scene7_freq59_iso_tx55_x244_y186_s100,D1_scene7_freq59_iso_tx55_yaw0,7,55,244,186,100,0,0,512,244,186,30,83,16,0.133600,0.866400,0.237778,0.166898,0.214072,4,14,6,4,0.586078,0.060550
26,farm_D1_scene7_freq59_iso_tx55_x245_y198_s100,D1_scene7_freq59_iso_tx55_yaw0,7,55,245,198,100,0,0,512,245,198,29,71,16,0.123700,0.876300,0.214444,0.144910,0.268391,3,12,5,3,0.632983,0.061779
27,farm_D1_scene7_freq59_iso_tx45_x243_y184_s100,D1_scene7_freq59_iso_tx45_yaw0,7,45,243,184,100,0,0,512,243,184,22,47,16,0.131400,0.868600,0.245278,0.168283,0.203957,4,15,6,4,0.595890,0.062794
28,farm_D1_scene7_freq59_iso_tx46_x281_y196_s100,D1_scene7_freq59_iso_tx46_yaw0,7,46,281,196,100,0,0,512,281,196,29,59,16,0.121500,0.878500,0.087778,0.109245,0.337449,3,9,3,0,0.568724,0.063356
29,farm_D1_scene7_freq59_iso_tx46_x287_y178_s100,D1_scene7_freq59_iso_tx46_yaw0,7,46,287,178,100,0,0,512,287,178,23,77,16,0.118100,0.881900,0.156389,0.146468,0.198137,3,10,3,1,0.491109,0.063709
30,farm_D1_scene7_freq59_iso_tx30_x0_y146_s100,D1_scene7_freq59_iso_tx30_yaw0,7,30,0,146,100,0,0,512,0,146,23,47,16,0.144500,0.855500,0.220278,0.190616,0.149481,3,12,8,6,0.333564,0.064006
31,farm_D1_scene7_freq59_iso_tx45_x249_y201_s100,D1_scene7_freq59_iso_tx45_yaw0,7,45,249,201,100,0,0,512,249,201,16,30,16,0.121400,0.878600,0.185833,0.145776,0.263591,3,11,5,2,0.644975,0.064217
32,farm_D1_scene7_freq59_iso_tx45_x243_y172_s100,D1_scene7_freq59_iso_tx45_yaw0,7,45,243,172,100,0,0,512,243,172,22,59,16,0.128400,0.871600,0.252222,0.167763,0.199377,4,13,6,3,0.609813,0.065970
33,farm_D1_scene7_freq59_iso_tx36_x279_y133_s100,D1_scene7_freq59_iso_tx36_yaw0,7,36,279,133,100,0,0,512,279,133,35,23,16,0.115300,0.884700,0.125278,0.114439,0.265395,2,9,3,2,0.442324,0.066145
34,farm_D1_scene7_freq59_iso_tx46_x287_y190_s100,D1_scene7_freq59_iso_tx46_yaw0,7,46,287,190,100,0,0,512,287,190,23,65,16,0.116700,0.883300,0.092500,0.107341,0.328192,3,9,3,0,0.497001,0.066492
35,farm_D1_scene7_freq59_iso_tx46_x240_y185_s100,D1_scene7_freq59_iso_tx46_yaw0,7,46,240,185,100,0,0,512,240,185,70,70,16,0.125700,0.874300,0.234167,0.170014,0.185362,4,13,6,4,0.622912,0.068737
36,farm_D1_scene7_freq59_iso_tx31_x0_y144_s100,D1_scene7_freq59_iso_tx31_yaw0,7,31,0,144,100,0,0,512,0,144,83,22,16,0.140200,0.859800,0.194444,0.183172,0.174037,3,12,8,6,0.343795,0.068748
37,farm_D1_scene7_freq59_iso_tx31_x12_y144_s100,D1_scene7_freq59_iso_tx31_yaw0,7,31,12,144,100,0,0,512,12,144,71,22,16,0.140200,0.859800,0.175556,0.183172,0.174037,3,12,8,6,0.343795,0.068748
38,farm_D1_scene7_freq59_iso_tx46_x240_y177_s100,D1_scene7_freq59_iso_tx46_yaw0,7,46,240,177,100,0,0,512,240,177,70,78,16,0.125600,0.874400,0.252500,0.168283,0.214968,4,14,6,3,0.623408,0.069161
39,farm_D1_scene7_freq59_iso_tx35_x240_y158_s100,D1_scene7_freq59_iso_tx35_yaw0,7,35,240,158,100,0,0,512,240,158,16,16,16,0.116300,0.883700,0.193611,0.148892,0.217541,4,12,5,2,0.673259,0.069314
40,farm_D1_scene7_freq59_iso_tx45_x243_y148_s100,D1_scene7_freq59_iso_tx45_yaw0,7,45,243,148,100,0,0,512,243,148,22,83,16,0.116000,0.884000,0.134167,0.121884,0.290517,4,10,3,1,0.642241,0.069707
41,farm_D1_scene7_freq59_iso_tx31_x6_y150_s100,D1_scene7_freq59_iso_tx31_yaw0,7,31,6,150,100,0,0,512,6,150,77,16,16,0.158000,0.842000,0.281389,0.212777,0.141139,3,11,10,7,0.305063,0.069995
42,farm_D1_scene7_freq59_iso_tx45_x230_y166_s100,D1_scene7_freq59_iso_tx45_yaw0,7,45,230,166,100,0,0,512,230,166,35,65,16,0.105500,0.894500,0.189167,0.149758,0.084360,3,11,4,4,0.742180,0.070099
43,farm_D1_scene7_freq59_iso_tx31_x18_y150_s100,D1_scene7_freq59_iso_tx31_yaw0,7,31,18,150,100,0,0,512,18,150,65,16,16,0.158000,0.842000,0.198611,0.192867,0.149367,3,13,10,7,0.305063,0.070105
44,farm_D1_scene7_freq59_iso_tx31_x24_y144_s100,D1_scene7_freq59_iso_tx31_yaw0,7,31,24,144,100,0,0,512,24,144,59,22,16,0.140200,0.859800,0.120833,0.137465,0.292439,4,10,8,6,0.343795,0.070158
45,farm_D1_scene7_freq59_iso_tx34_x228_y166_s100,D1_scene7_freq59_iso_tx34_yaw0,7,34,228,166,100,0,0,512,228,166,22,16,16,0.105500,0.894500,0.182500,0.144564,0.095735,3,11,4,4,0.742180,0.070201
46,farm_D1_scene7_freq59_iso_tx41_x45_y165_s100,D1_scene7_freq59_iso_tx41_yaw0,7,41,45,165,100,0,0,512,45,165,50,71,16,0.138100,0.861900,0.165556,0.155471,0.233164,3,8,8,6,0.323678,0.071108
47,farm_D1_scene7_freq59_iso_tx46_x251_y202_s100,D1_scene7_freq59_iso_tx46_yaw0,7,46,251,202,100,0,0,512,251,202,59,53,16,0.119200,0.880800,0.175833,0.145776,0.248322,3,10,5,2,0.656879,0.072078
48,farm_D1_scene7_freq59_iso_tx45_x242_y196_s100,D1_scene7_freq59_iso_tx45_yaw0,7,45,242,196,100,0,0,512,242,196,23,35,16,0.122700,0.877300,0.223333,0.147507,0.242054,3,14,6,3,0.638142,0.072585
49,farm_D1_scene7_freq59_iso_tx36_x249_y134_s100,D1_scene7_freq59_iso_tx36_yaw0,7,36,249,134,100,0,0,512,249,134,65,22,16,0.110800,0.889200,0.038333,0.068906,0.423285,2,8,3,1,0.475632,0.072695
50,farm_D1_scene7_freq59_iso_tx30_x6_y152_s100,D1_scene7_freq59_iso_tx30_yaw0,7,30,6,152,100,0,0,512,6,152,17,41,16,0.164800,0.835200,0.290278,0.225589,0.149272,4,11,10,7,0.292476,0.072739
51,farm_D1_scene7_freq59_iso_tx55_x252_y204_s100,D1_scene7_freq59_iso_tx55_yaw0,7,55,252,204,100,0,0,512,252,204,22,65,16,0.112900,0.887100,0.158333,0.141274,0.220549,3,10,5,2,0.693534,0.073085
52,farm_D1_scene7_freq59_iso_tx46_x275_y202_s100,D1_scene7_freq59_iso_tx46_yaw0,7,46,275,202,100,0,0,512,275,202,35,53,16,0.113100,0.886900,0.082222,0.107341,0.319187,3,8,3,0,0.681698,0.073600
53,farm_D1_scene7_freq59_iso_tx25_x266_y130_s100,D1_scene7_freq59_iso_tx25_yaw0,7,25,266,130,100,0,0,512,266,130,17,16,16,0.106900,0.893100,0.106667,0.119287,0.253508,2,10,3,2,0.477081,0.074943
54,farm_D1_scene7_freq59_iso_tx55_x227_y186_s100,D1_scene7_freq59_iso_tx55_yaw0,7,55,227,186,100,0,0,512,227,186,47,83,16,0.118700,0.881300,0.181389,0.162916,0.101095,3,13,6,5,0.659646,0.075512
55,farm_D1_scene7_freq59_iso_tx45_x236_y190_s100,D1_scene7_freq59_iso_tx45_yaw0,7,45,236,190,100,0,0,512,236,190,29,41,16,0.119000,0.881000,0.205833,0.168283,0.139496,4,12,6,4,0.657983,0.075569
56,farm_D1_scene7_freq59_iso_tx45_x236_y178_s100,D1_scene7_freq59_iso_tx45_yaw0,7,45,236,178,100,0,0,512,236,178,29,53,16,0.119000,0.881000,0.236667,0.168283,0.170588,4,13,6,3,0.657983,0.075884
57,farm_D1_scene7_freq59_iso_tx25_x254_y130_s100,D1_scene7_freq59_iso_tx25_yaw0,7,25,254,130,100,0,0,512,254,130,29,16,16,0.106900,0.893100,0.047500,0.074100,0.393826,2,9,3,1,0.477081,0.076217
58,farm_D1_scene7_freq59_iso_tx45_x236_y153_s100,D1_scene7_freq59_iso_tx45_yaw0,7,45,236,153,100,0,0,512,236,153,29,78,16,0.100600,0.899400,0.151944,0.135388,0.159046,4,10,4,1,0.775348,0.076266
59,farm_D1_scene7_freq59_iso_tx55_x224_y198_s100,D1_scene7_freq59_iso_tx55_yaw0,7,55,224,198,100,0,0,512,224,198,50,71,16,0.118100,0.881900,0.169722,0.141794,0.198984,4,14,6,4,0.662997,0.077156
60,farm_D1_scene7_freq59_iso_tx35_x227_y158_s100,D1_scene7_freq59_iso_tx35_yaw0,7,35,227,158,100,0,0,512,227,158,29,16,16,0.099700,0.900300,0.144167,0.129501,0.147442,3,12,4,2,0.785356,0.077525
61,farm_D1_scene7_freq59_iso_tx45_x230_y184_s100,D1_scene7_freq59_iso_tx45_yaw0,7,45,230,184,100,0,0,512,230,184,35,47,16,0.116600,0.883400,0.198889,0.164301,0.082333,3,13,6,5,0.671527,0.077646
62,farm_D1_scene7_freq59_iso_tx31_x0_y131_s100,D1_scene7_freq59_iso_tx31_yaw0,7,31,0,131,100,0,0,512,0,131,83,35,16,0.104200,0.895800,0.055278,0.088989,0.319578,2,9,5,4,0.462572,0.077879
63,farm_D1_scene7_freq59_iso_tx31_x12_y131_s100,D1_scene7_freq59_iso_tx31_yaw0,7,31,12,131,100,0,0,512,12,131,71,35,16,0.104200,0.895800,0.048611,0.088989,0.319578,2,10,5,4,0.462572,0.077879
64,farm_D1_scene9_freq59_iso_tx11_x72_y12_s100,D1_scene9_freq59_iso_tx11_yaw0,9,11,72,12,100,0,0,512,72,12,30,53,16,0.113300,0.886700,0.244722,0.194079,0.000000,3,10,2,2,0.568402,0.078068
65,farm_D1_scene9_freq59_iso_tx11_x80_y12_s100,D1_scene9_freq59_iso_tx11_yaw0,9,11,80,12,100,0,0,512,80,12,22,53,16,0.113300,0.886700,0.280278,0.196157,0.000000,3,9,2,2,0.568402,0.078068
66,farm_D1_scene9_freq59_iso_tx11_x86_y18_s100,D1_scene9_freq59_iso_tx11_yaw0,9,11,86,18,100,0,0,512,86,18,16,47,16,0.113300,0.886700,0.313611,0.196157,0.000000,3,8,2,2,0.568402,0.078068
67,farm_D1_scene9_freq59_iso_tx11_x72_y24_s100,D1_scene9_freq59_iso_tx11_yaw0,9,11,72,24,100,0,0,512,72,24,30,41,16,0.113300,0.886700,0.275833,0.194079,0.000000,4,9,2,2,0.568402,0.078068
68,farm_D1_scene9_freq59_iso_tx11_x80_y24_s100,D1_scene9_freq59_iso_tx11_yaw0,9,11,80,24,100,0,0,512,80,24,22,41,16,0.113300,0.886700,0.311389,0.196157,0.000000,4,8,2,2,0.568402,0.078068
69,farm_D1_scene9_freq59_iso_tx11_x86_y30_s100,D1_scene9_freq59_iso_tx11_yaw0,9,11,86,30,100,0,0,512,86,30,16,35,16,0.113300,0.886700,0.314722,0.196157,0.000000,4,8,2,2,0.568402,0.078068
70,farm_D1_scene9_freq59_iso_tx11_x72_y35_s100,D1_scene9_freq59_iso_tx11_yaw0,9,11,72,35,100,0,0,512,72,35,30,30,16,0.113300,0.886700,0.275833,0.194079,0.000000,4,9,2,2,0.568402,0.078068
71,farm_D1_scene9_freq59_iso_tx11_x80_y36_s100,D1_scene9_freq59_iso_tx11_yaw0,9,11,80,36,100,0,0,512,80,36,22,29,16,0.113300,0.886700,0.311389,0.196157,0.000000,4,9,2,2,0.568402,0.078068
72,farm_D1_scene9_freq59_iso_tx11_x86_y42_s100,D1_scene9_freq59_iso_tx11_yaw0,9,11,86,42,100,0,0,512,86,42,16,23,16,0.113300,0.886700,0.306389,0.196157,0.000000,4,7,2,2,0.568402,0.078068
73,farm_D1_scene9_freq59_iso_tx11_x72_y43_s100,D1_scene9_freq59_iso_tx11_yaw0,9,11,72,43,100,0,0,512,72,43,30,22,16,0.113300,0.886700,0.268333,0.194079,0.000000,4,9,2,2,0.568402,0.078068
74,farm_D1_scene9_freq59_iso_tx11_x79_y48_s100,D1_scene9_freq59_iso_tx11_yaw0,9,11,79,48,100,0,0,512,79,48,23,17,16,0.113300,0.886700,0.273889,0.194079,0.000000,3,9,2,2,0.568402,0.078068
75,farm_D1_scene9_freq59_iso_tx12_x84_y12_s100,D1_scene9_freq59_iso_tx12_yaw0,9,12,84,12,100,0,0,512,84,12,35,54,16,0.113300,0.886700,0.283611,0.196157,0.000000,3,8,2,2,0.568402,0.078068
76,farm_D1_scene9_freq59_iso_tx12_x96_y12_s100,D1_scene9_freq59_iso_tx12_yaw0,9,12,96,12,100,0,0,512,96,12,23,54,16,0.113300,0.886700,0.257222,0.195118,0.000000,3,10,2,2,0.568402,0.078068
77,farm_D1_scene9_freq59_iso_tx12_x90_y18_s100,D1_scene9_freq59_iso_tx12_yaw0,9,12,90,18,100,0,0,512,90,18,29,48,16,0.113300,0.886700,0.308056,0.196157,0.000000,3,9,2,2,0.568402,0.078068
78,farm_D1_scene9_freq59_iso_tx12_x84_y24_s100,D1_scene9_freq59_iso_tx12_yaw0,9,12,84,24,100,0,0,512,84,24,35,42,16,0.113300,0.886700,0.314722,0.196157,0.000000,4,7,2,2,0.568402,0.078068
79,farm_D1_scene9_freq59_iso_tx12_x96_y24_s100,D1_scene9_freq59_iso_tx12_yaw0,9,12,96,24,100,0,0,512,96,24,23,42,16,0.113300,0.886700,0.284167,0.195118,0.000000,4,9,2,2,0.568402,0.078068
80,farm_D1_scene9_freq59_iso_tx12_x72_y30_s100,D1_scene9_freq59_iso_tx12_yaw0,9,12,72,30,100,0,0,512,72,30,47,36,16,0.113300,0.886700,0.275833,0.194079,0.000000,4,10,2,2,0.568402,0.078068
81,farm_D1_scene9_freq59_iso_tx12_x90_y30_s100,D1_scene9_freq59_iso_tx12_yaw0,9,12,90,30,100,0,0,512,90,30,29,36,16,0.113300,0.886700,0.309167,0.196157,0.000000,4,10,2,2,0.568402,0.078068
82,farm_D1_scene9_freq59_iso_tx12_x78_y36_s100,D1_scene9_freq59_iso_tx12_yaw0,9,12,78,36,100,0,0,512,78,36,41,30,16,0.113300,0.886700,0.305833,0.196157,0.000000,4,9,2,2,0.568402,0.078068
83,farm_D1_scene9_freq59_iso_tx12_x96_y36_s100,D1_scene9_freq59_iso_tx12_yaw0,9,12,96,36,100,0,0,512,96,36,23,30,16,0.113300,0.886700,0.284167,0.195118,0.000000,4,10,2,2,0.568402,0.078068
84,farm_D1_scene9_freq59_iso_tx12_x72_y42_s100,D1_scene9_freq59_iso_tx12_yaw0,9,12,72,42,100,0,0,512,72,42,47,24,16,0.113300,0.886700,0.270278,0.194079,0.000000,4,9,2,2,0.568402,0.078068
85,farm_D1_scene9_freq59_iso_tx12_x84_y42_s100,D1_scene9_freq59_iso_tx12_yaw0,9,12,84,42,100,0,0,512,84,42,35,24,16,0.113300,0.886700,0.306389,0.196157,0.000000,4,7,2,2,0.568402,0.078068
86,farm_D1_scene9_freq59_iso_tx12_x96_y44_s100,D1_scene9_freq59_iso_tx12_yaw0,9,12,96,44,100,0,0,512,96,44,23,22,16,0.113300,0.886700,0.268611,0.195118,0.000000,3,9,2,2,0.568402,0.078068
87,farm_D1_scene9_freq59_iso_tx12_x78_y48_s100,D1_scene9_freq59_iso_tx12_yaw0,9,12,78,48,100,0,0,512,78,48,41,18,16,0.113300,0.886700,0.271944,0.194079,0.000000,3,9,2,2,0.568402,0.078068
88,farm_D1_scene9_freq59_iso_tx13_x94_y13_s100,D1_scene9_freq59_iso_tx13_yaw0,9,13,94,13,100,0,0,512,94,13,83,83,16,0.113300,0.886700,0.272222,0.196157,0.000000,3,10,2,2,0.568402,0.078068
89,farm_D1_scene9_freq59_iso_tx13_x94_y25_s100,D1_scene9_freq59_iso_tx13_yaw0,9,13,94,25,100,0,0,512,94,25,83,71,16,0.113300,0.886700,0.294722,0.196157,0.000000,4,9,2,2,0.568402,0.078068
90,farm_D1_scene9_freq59_iso_tx13_x94_y37_s100,D1_scene9_freq59_iso_tx13_yaw0,9,13,94,37,100,0,0,512,94,37,83,59,16,0.113300,0.886700,0.294722,0.196157,0.000000,4,9,2,2,0.568402,0.078068
91,farm_D1_scene9_freq59_iso_tx13_x94_y46_s100,D1_scene9_freq59_iso_tx13_yaw0,9,13,94,46,100,0,0,512,94,46,83,50,16,0.113300,0.886700,0.269722,0.195810,0.000000,3,9,2,2,0.568402,0.078068
92,farm_D1_scene9_freq59_iso_tx12_x89_y50_s100,D1_scene9_freq59_iso_tx12_yaw0,9,12,89,50,100,0,0,512,89,50,30,16,16,0.113300,0.886700,0.260000,0.190963,0.001765,2,9,2,2,0.568402,0.078085
93,farm_D1_scene9_freq59_iso_tx11_x86_y6_s100,D1_scene9_freq59_iso_tx11_yaw0,9,11,86,6,100,0,0,512,86,6,16,59,16,0.113300,0.886700,0.221944,0.185769,0.003530,2,8,2,2,0.568402,0.078102
94,farm_D1_scene9_freq59_iso_tx12_x78_y6_s100,D1_scene9_freq59_iso_tx12_yaw0,9,12,78,6,100,0,0,512,78,6,41,60,16,0.113300,0.886700,0.213056,0.185769,0.003530,2,9,2,2,0.568402,0.078102
95,farm_D1_scene9_freq59_iso_tx12_x90_y6_s100,D1_scene9_freq59_iso_tx12_yaw0,9,12,90,6,100,0,0,512,90,6,29,60,16,0.113300,0.886700,0.220278,0.185769,0.003530,2,9,2,2,0.568402,0.078102
96,farm_D1_scene9_freq59_iso_tx13_x100_y19_s100,D1_scene9_freq59_iso_tx13_yaw0,9,13,100,19,100,0,0,512,100,19,77,77,16,0.113300,0.886700,0.258889,0.188885,0.005296,4,9,2,2,0.568402,0.078119
97,farm_D1_scene9_freq59_iso_tx13_x100_y31_s100,D1_scene9_freq59_iso_tx13_yaw0,9,13,100,31,100,0,0,512,100,31,77,65,16,0.113300,0.886700,0.259167,0.188885,0.005296,4,10,2,2,0.568402,0.078119
98,farm_D1_scene9_freq59_iso_tx22_x73_y51_s100,D1_scene9_freq59_iso_tx22_yaw0,9,22,73,51,100,0,0,512,73,51,30,83,16,0.113300,0.886700,0.243056,0.187846,0.005296,2,10,2,2,0.568402,0.078119
99,farm_D1_scene9_freq59_iso_tx22_x81_y51_s100,D1_scene9_freq59_iso_tx22_yaw0,9,22,81,51,100,0,0,512,81,51,22,83,16,0.113300,0.886700,0.255000,0.188885,0.005296,2,9,2,2,0.568402,0.078119
100,farm_D1_scene9_freq59_iso_tx12_x69_y50_s100,D1_scene9_freq59_iso_tx12_yaw0,9,12,69,50,100,0,0,512,69,50,50,16,16,0.113300,0.886700,0.234167,0.183172,0.007061,2,9,2,2,0.568402,0.078136
101,farm_D1_scene9_freq59_iso_tx12_x102_y18_s100,D1_scene9_freq59_iso_tx12_yaw0,9,12,102,18,100,0,0,512,102,18,17,48,16,0.113300,0.886700,0.245278,0.183691,0.017652,4,9,2,2,0.568402,0.078238
102,farm_D1_scene9_freq59_iso_tx12_x102_y30_s100,D1_scene9_freq59_iso_tx12_yaw0,9,12,102,30,100,0,0,512,102,30,17,36,16,0.113300,0.886700,0.246389,0.183691,0.017652,4,9,2,2,0.568402,0.078238
103,farm_D1_scene9_freq59_iso_tx12_x102_y50_s100,D1_scene9_freq59_iso_tx12_yaw0,9,12,102,50,100,0,0,512,102,50,17,16,16,0.113300,0.886700,0.195000,0.178497,0.019417,2,9,2,2,0.568402,0.078255
104,farm_D1_scene7_freq59_iso_tx45_x230_y196_s100,D1_scene7_freq59_iso_tx45_yaw0,7,45,230,196,100,0,0,512,230,196,35,35,16,0.116600,0.883400,0.188889,0.148199,0.144940,4,14,6,4,0.671527,0.078266
105,farm_D1_scene9_freq59_iso_tx3_x103_y12_s100,D1_scene9_freq59_iso_tx3_yaw0,9,3,103,12,100,0,0,512,103,12,83,33,16,0.113300,0.886700,0.221944,0.180575,0.026478,4,8,2,2,0.568402,0.078323
106,farm_D1_scene9_freq59_iso_tx3_x103_y23_s100,D1_scene9_freq59_iso_tx3_yaw0,9,3,103,23,100,0,0,512,103,23,83,22,16,0.113300,0.886700,0.240000,0.180575,0.026478,4,7,2,2,0.568402,0.078323
107,farm_D1_scene9_freq59_iso_tx13_x94_y55_s100,D1_scene9_freq59_iso_tx13_yaw0,9,13,94,55,100,0,0,512,94,55,83,41,16,0.113300,0.886700,0.195833,0.177112,0.037070,2,9,2,2,0.568402,0.078425
108,farm_D1_scene9_freq59_iso_tx13_x106_y13_s100,D1_scene9_freq59_iso_tx13_yaw0,9,13,106,13,100,0,0,512,106,13,71,83,16,0.113300,0.886700,0.207500,0.169494,0.063548,4,8,2,1,0.568402,0.078679
109,farm_D1_scene9_freq59_iso_tx13_x106_y25_s100,D1_scene9_freq59_iso_tx13_yaw0,9,13,106,25,100,0,0,512,106,25,71,71,16,0.113300,0.886700,0.221111,0.169494,0.063548,4,8,2,1,0.568402,0.078679
110,farm_D1_scene9_freq59_iso_tx13_x106_y37_s100,D1_scene9_freq59_iso_tx13_yaw0,9,13,106,37,100,0,0,512,106,37,71,59,16,0.113300,0.886700,0.221111,0.169494,0.063548,3,8,2,1,0.568402,0.078679
111,farm_D1_scene9_freq59_iso_tx13_x106_y46_s100,D1_scene9_freq59_iso_tx13_yaw0,9,13,106,46,100,0,0,512,106,46,71,50,16,0.113300,0.886700,0.196111,0.169148,0.063548,3,8,2,1,0.568402,0.078679
112,farm_D1_scene9_freq59_iso_tx22_x87_y57_s100,D1_scene9_freq59_iso_tx22_yaw0,9,22,87,57,100,0,0,512,87,57,16,77,16,0.113300,0.886700,0.193333,0.168975,0.063548,2,9,2,1,0.568402,0.078679
113,farm_D1_scene4_freq59_iso_tx80_x0_y362_s100,D1_scene4_freq59_iso_tx80_yaw0,4,80,0,362,100,0,0,512,0,362,22,83,16,0.095200,0.904800,0.099722,0.093663,0.257353,2,7,4,2,0.377101,0.078743
114,farm_D1_scene7_freq59_iso_tx36_x292_y140_s100,D1_scene7_freq59_iso_tx36_yaw0,7,36,292,140,100,0,0,512,292,140,22,16,16,0.102800,0.897200,0.152500,0.123096,0.196498,4,9,3,1,0.496109,0.078838
115,farm_D1_scene7_freq59_iso_tx31_x24_y131_s100,D1_scene7_freq59_iso_tx31_yaw0,7,31,24,131,100,0,0,512,24,131,59,35,16,0.104200,0.895800,0.030833,0.061981,0.438580,2,8,5,4,0.462572,0.078932
116,farm_D1_scene9_freq59_iso_tx11_x72_y0_s100,D1_scene9_freq59_iso_tx11_yaw0,9,11,72,0,100,0,0,512,72,0,30,65,16,0.113300,0.886700,0.115556,0.150104,0.098853,2,9,2,1,0.568402,0.079019
117,farm_D1_scene9_freq59_iso_tx11_x80_y0_s100,D1_scene9_freq59_iso_tx11_yaw0,9,11,80,0,100,0,0,512,80,0,22,65,16,0.113300,0.886700,0.150833,0.152181,0.098853,2,8,2,1,0.568402,0.079019
118,farm_D1_scene9_freq59_iso_tx13_x106_y55_s100,D1_scene9_freq59_iso_tx13_yaw0,9,13,106,55,100,0,0,512,106,55,71,41,16,0.113300,0.886700,0.129722,0.150450,0.100618,2,8,2,1,0.568402,0.079036
119,farm_D1_scene9_freq59_iso_tx22_x62_y51_s100,D1_scene9_freq59_iso_tx22_yaw0,9,22,62,51,100,0,0,512,62,51,41,83,16,0.113100,0.886900,0.195278,0.160145,0.088417,2,8,2,1,0.569408,0.079137
120,farm_D1_scene7_freq59_iso_tx30_x6_y140_s100,D1_scene7_freq59_iso_tx30_yaw0,7,30,6,140,100,0,0,512,6,140,17,53,16,0.130300,0.869700,0.155000,0.165859,0.188028,3,9,8,6,0.369916,0.079179
121,farm_D1_scene9_freq59_iso_tx3_x103_y0_s100,D1_scene9_freq59_iso_tx3_yaw0,9,3,103,0,100,0,0,512,103,0,83,45,16,0.113300,0.886700,0.140556,0.142832,0.125331,2,7,2,1,0.568402,0.079274
122,farm_D1_scene7_freq59_iso_tx50_x6_y240_s100,D1_scene7_freq59_iso_tx50_yaw0,7,50,6,240,100,0,0,512,6,240,39,59,16,0.158600,0.841400,0.245278,0.213470,0.130517,4,16,11,9,0.315259,0.079463
123,farm_D1_scene9_freq59_iso_tx23_x89_y59_s100,D1_scene9_freq59_iso_tx23_yaw0,9,23,89,59,100,0,0,512,89,59,83,83,16,0.112700,0.887300,0.168333,0.158934,0.092280,2,8,2,1,0.571429,0.079612
124,farm_D1_scene7_freq59_iso_tx50_x15_y240_s100,D1_scene7_freq59_iso_tx50_yaw0,7,50,15,240,100,0,0,512,15,240,30,59,16,0.158600,0.841400,0.161389,0.187846,0.141866,4,15,11,9,0.315259,0.079616
125,farm_D1_scene9_freq59_iso_tx11_x61_y24_s100,D1_scene9_freq59_iso_tx11_yaw0,9,11,61,24,100,0,0,512,61,24,41,41,16,0.112700,0.887300,0.194444,0.158068,0.098492,3,7,2,1,0.571429,0.079671
126,farm_D1_scene9_freq59_iso_tx11_x61_y35_s100,D1_scene9_freq59_iso_tx11_yaw0,9,11,61,35,100,0,0,512,61,35,41,30,16,0.112700,0.887300,0.194444,0.158068,0.098492,4,8,2,1,0.571429,0.079671
127,farm_D1_scene9_freq59_iso_tx11_x61_y43_s100,D1_scene9_freq59_iso_tx11_yaw0,9,11,61,43,100,0,0,512,61,43,41,22,16,0.112700,0.887300,0.194444,0.158068,0.098492,3,7,2,1,0.571429,0.079671
128,farm_D1_scene7_freq59_iso_tx34_x234_y160_s100,D1_scene7_freq59_iso_tx34_yaw0,7,34,234,160,100,0,0,512,234,160,16,22,16,0.106300,0.893700,0.177778,0.150104,0.140169,4,11,5,2,0.736595,0.079697
129,farm_D1_scene9_freq59_iso_tx11_x61_y6_s100,D1_scene9_freq59_iso_tx11_yaw0,9,11,61,6,100,0,0,512,61,6,41,59,16,0.112700,0.887300,0.109167,0.147680,0.102041,2,7,2,1,0.571429,0.079705
130,farm_D1_scene9_freq59_iso_tx23_x101_y59_s100,D1_scene9_freq59_iso_tx23_yaw0,9,23,101,59,100,0,0,512,101,59,71,83,16,0.112700,0.887300,0.116389,0.149238,0.102928,2,8,2,1,0.571429,0.079714
131,farm_D1_scene7_freq59_iso_tx44_x221_y166_s100,D1_scene7_freq59_iso_tx44_yaw0,7,44,221,166,100,0,0,512,221,166,16,65,16,0.106200,0.893800,0.152222,0.129328,0.193974,4,11,5,3,0.711864,0.079787
132,farm_D1_scene7_freq59_iso_tx34_x220_y166_s100,D1_scene7_freq59_iso_tx34_yaw0,7,34,220,166,100,0,0,512,220,166,30,16,16,0.105800,0.894200,0.147222,0.127251,0.203214,4,11,5,3,0.704159,0.080109
133,farm_D1_scene9_freq59_iso_tx3_x109_y29_s100,D1_scene9_freq59_iso_tx3_yaw0,9,3,109,29,100,0,0,512,109,29,77,16,16,0.112100,0.887900,0.203611,0.157548,0.107047,3,7,2,1,0.563782,0.080195
134,farm_D1_scene7_freq59_iso_tx32_x32_y156_s100,D1_scene7_freq59_iso_tx32_yaw0,7,32,32,156,100,0,0,512,32,156,83,16,16,0.161400,0.838600,0.160833,0.163435,0.299876,4,12,11,6,0.234820,0.080206
135,farm_D1_scene9_freq59_iso_tx3_x109_y6_s100,D1_scene9_freq59_iso_tx3_yaw0,9,3,109,6,100,0,0,512,109,6,77,39,16,0.112100,0.887900,0.159444,0.151143,0.110616,2,7,2,1,0.563782,0.080229
136,farm_D1_scene7_freq59_iso_tx41_x45_y213_s100,D1_scene7_freq59_iso_tx41_yaw0,7,41,45,213,100,0,0,512,45,213,50,23,16,0.159600,0.840400,0.142778,0.146641,0.316416,3,13,11,7,0.280075,0.080290
137,farm_D1_scene7_freq59_iso_tx41_x36_y159_s100,D1_scene7_freq59_iso_tx41_yaw0,7,41,36,159,100,0,0,512,36,159,59,77,16,0.158000,0.842000,0.165000,0.159972,0.282911,3,12,11,6,0.246835,0.080733
138,farm_D1_scene7_freq59_iso_tx36_x243_y140_s100,D1_scene7_freq59_iso_tx36_yaw0,7,36,243,140,100,0,0,512,243,140,71,16,16,0.104400,0.895600,0.063056,0.084834,0.356322,3,10,3,1,0.602490,0.080809
139,farm_D1_scene7_freq59_iso_tx45_x218_y166_s100,D1_scene7_freq59_iso_tx45_yaw0,7,45,218,166,100,0,0,512,218,166,47,65,16,0.104500,0.895500,0.135833,0.122576,0.217225,4,11,5,3,0.687081,0.081169
140,farm_D1_scene9_freq59_iso_tx13_x100_y61_s100,D1_scene9_freq59_iso_tx13_yaw0,9,13,100,61,100,0,0,512,100,61,77,35,16,0.111300,0.888700,0.103056,0.140235,0.128482,2,7,2,1,0.578616,0.081487
141,farm_D1_scene7_freq59_iso_tx45_x224_y202_s100,D1_scene7_freq59_iso_tx45_yaw0,7,45,224,202,100,0,0,512,224,202,41,29,16,0.114100,0.885900,0.156944,0.141274,0.198948,4,12,6,4,0.686240,0.081552
142,farm_D1_scene7_freq59_iso_tx41_x30_y153_s100,D1_scene7_freq59_iso_tx41_yaw0,7,41,30,153,100,0,0,512,30,153,65,83,16,0.157300,0.842700,0.155556,0.157548,0.293706,4,11,11,5,0.251748,0.081658
143,farm_D1_scene7_freq59_iso_tx45_x224_y214_s100,D1_scene7_freq59_iso_tx45_yaw0,7,45,224,214,100,0,0,512,224,214,41,17,16,0.105100,0.894900,0.101944,0.111496,0.240723,3,11,5,4,0.745005,0.081949
144,farm_D1_scene4_freq59_iso_tx60_x0_y329_s100,D1_scene4_freq59_iso_tx60_yaw0,4,60,0,329,100,0,0,512,0,329,25,16,16,0.093700,0.906300,0.111111,0.090374,0.304162,2,6,4,2,0.383138,0.082053
145,farm_D1_scene7_freq59_iso_tx35_x240_y145_s100,D1_scene7_freq59_iso_tx35_yaw0,7,35,240,145,100,0,0,512,240,145,16,29,16,0.103900,0.896100,0.100556,0.111323,0.299326,3,9,3,1,0.681424,0.082369
146,farm_D1_scene7_freq59_iso_tx31_x30_y150_s100,D1_scene7_freq59_iso_tx31_yaw0,7,31,30,150,100,0,0,512,30,150,53,16,16,0.146500,0.853500,0.143889,0.140582,0.287372,3,11,10,5,0.270307,0.082481
147,farm_D1_scene7_freq59_iso_tx32_x44_y156_s100,D1_scene7_freq59_iso_tx32_yaw0,7,32,44,156,100,0,0,512,44,156,71,16,16,0.127100,0.872900,0.136389,0.119633,0.335956,3,10,8,4,0.298190,0.082490
148,farm_D1_scene7_freq59_iso_tx51_x45_y195_s100,D1_scene7_freq59_iso_tx51_yaw0,7,51,45,195,100,0,0,512,45,195,47,70,16,0.156100,0.843900,0.215833,0.171572,0.222293,3,12,11,8,0.286355,0.082574
149,farm_D1_scene7_freq59_iso_tx44_x221_y201_s100,D1_scene7_freq59_iso_tx44_yaw0,7,44,221,201,100,0,0,512,221,201,16,30,16,0.112700,0.887300,0.155556,0.139370,0.198758,3,12,6,4,0.670807,0.082618
150,farm_D1_scene7_freq59_iso_tx45_x224_y160_s100,D1_scene7_freq59_iso_tx45_yaw0,7,45,224,160,100,0,0,512,224,160,41,71,16,0.104000,0.896000,0.140556,0.126212,0.213462,4,12,5,1,0.752885,0.082943
151,farm_D1_scene4_freq59_iso_tx80_x0_y374_s100,D1_scene4_freq59_iso_tx80_yaw0,4,80,0,374,100,0,0,512,0,374,22,71,16,0.093400,0.906600,0.070278,0.072195,0.382227,2,6,4,1,0.384368,0.083259
152,farm_D1_scene9_freq59_iso_tx13_x112_y19_s100,D1_scene9_freq59_iso_tx13_yaw0,9,13,112,19,100,0,0,512,112,19,65,77,16,0.109100,0.890900,0.185833,0.145602,0.144821,4,9,2,1,0.551787,0.083277
153,farm_D1_scene9_freq59_iso_tx13_x112_y31_s100,D1_scene9_freq59_iso_tx13_yaw0,9,13,112,31,100,0,0,512,112,31,65,65,16,0.109100,0.890900,0.186111,0.145602,0.144821,3,8,2,1,0.551787,0.083277
154,farm_D1_scene7_freq59_iso_tx55_x233_y199_s100,D1_scene7_freq59_iso_tx55_yaw0,7,55,233,199,100,0,0,512,233,199,41,70,16,0.112200,0.887800,0.184722,0.149584,0.163102,4,11,6,4,0.697861,0.083311
155,farm_D1_scene7_freq59_iso_tx50_x23_y240_s100,D1_scene7_freq59_iso_tx50_yaw0,7,50,23,240,100,0,0,512,23,240,22,59,16,0.156800,0.843200,0.114167,0.140582,0.320153,3,14,11,8,0.318878,0.083840
156,farm_D1_scene9_freq59_iso_tx22_x73_y63_s100,D1_scene9_freq59_iso_tx22_yaw0,9,22,73,63,100,0,0,512,73,63,30,71,16,0.109100,0.890900,0.126944,0.134522,0.158570,2,7,2,1,0.590284,0.084175
157,farm_D1_scene9_freq59_iso_tx22_x81_y63_s100,D1_scene9_freq59_iso_tx22_yaw0,9,22,81,63,100,0,0,512,81,63,22,71,16,0.109100,0.890900,0.126944,0.134522,0.158570,2,7,2,1,0.590284,0.084175
158,farm_D1_scene7_freq59_iso_tx44_x221_y214_s100,D1_scene7_freq59_iso_tx44_yaw0,7,44,221,214,100,0,0,512,221,214,16,17,16,0.102400,0.897600,0.107778,0.112708,0.216797,3,10,5,4,0.738281,0.084251
159,farm_D1_scene7_freq59_iso_tx55_x245_y210_s100,D1_scene7_freq59_iso_tx55_yaw0,7,55,245,210,100,0,0,512,245,210,29,59,16,0.096500,0.903500,0.108889,0.118421,0.169948,3,9,4,3,0.811399,0.084271
160,farm_D1_scene7_freq59_iso_tx44_x221_y190_s100,D1_scene7_freq59_iso_tx44_yaw0,7,44,221,190,100,0,0,512,221,190,16,41,16,0.119600,0.880400,0.155833,0.154952,0.142977,4,13,7,5,0.632107,0.084494
161,farm_D1_scene9_freq59_iso_tx22_x62_y63_s100,D1_scene9_freq59_iso_tx22_yaw0,9,22,62,63,100,0,0,512,62,63,41,71,16,0.108900,0.891100,0.115278,0.127943,0.188246,2,6,2,1,0.591368,0.084668
162,farm_D1_scene7_freq59_iso_tx44_x221_y181_s100,D1_scene7_freq59_iso_tx44_yaw0,7,44,221,181,100,0,0,512,221,181,16,50,16,0.119600,0.880400,0.179167,0.150623,0.185619,4,14,7,4,0.632107,0.084927
163,farm_D1_scene7_freq59_iso_tx51_x9_y242_s100,D1_scene7_freq59_iso_tx51_yaw0,7,51,9,242,100,0,0,512,9,242,83,23,16,0.153200,0.846800,0.201389,0.201697,0.145561,4,16,11,9,0.326371,0.085221
164,farm_D1_scene9_freq59_iso_tx23_x113_y59_s100,D1_scene9_freq59_iso_tx23_yaw0,9,23,113,59,100,0,0,512,113,59,59,83,16,0.107100,0.892900,0.067778,0.104917,0.253035,1,7,2,0,0.549020,0.086182
165,farm_D1_scene9_freq59_iso_tx22_x56_y57_s100,D1_scene9_freq59_iso_tx22_yaw0,9,22,56,57,100,0,0,512,56,57,47,77,16,0.107300,0.892700,0.131944,0.132271,0.188257,1,7,2,1,0.600186,0.086419
166,farm_D1_scene9_freq59_iso_tx13_x112_y61_s100,D1_scene9_freq59_iso_tx13_yaw0,9,13,112,61,100,0,0,512,112,61,65,35,16,0.107100,0.892900,0.061389,0.097992,0.275444,2,5,2,0,0.562092,0.086647
167,farm_D1_scene7_freq59_iso_tx41_x12_y153_s100,D1_scene7_freq59_iso_tx41_yaw0,7,41,12,153,100,0,0,512,12,153,83,83,16,0.168800,0.831200,0.253611,0.230609,0.156398,4,14,11,7,0.285545,0.086753
168,farm_D1_scene7_freq59_iso_tx55_x233_y210_s100,D1_scene7_freq59_iso_tx55_yaw0,7,55,233,210,100,0,0,512,233,210,41,59,16,0.099900,0.900100,0.116667,0.124827,0.125125,3,12,5,4,0.783784,0.086927
169,farm_D1_scene7_freq59_iso_tx51_x21_y242_s100,D1_scene7_freq59_iso_tx51_yaw0,7,51,21,242,100,0,0,512,21,242,71,23,16,0.153200,0.846800,0.116944,0.137119,0.298956,3,14,11,9,0.326371,0.087217
170,farm_D1_scene7_freq59_iso_tx51_x62_y194_s100,D1_scene7_freq59_iso_tx51_yaw0,7,51,62,194,100,0,0,512,62,194,30,71,16,0.104400,0.895600,0.030278,0.064751,0.373563,2,9,6,4,0.421456,0.087341
171,farm_D1_scene7_freq59_iso_tx44_x214_y161_s100,D1_scene7_freq59_iso_tx44_yaw0,7,44,214,161,100,0,0,512,214,161,23,70,16,0.099000,0.901000,0.088889,0.103532,0.271717,4,9,5,1,0.662626,0.087437
172,farm_D1_scene9_freq59_iso_tx23_x95_y65_s100,D1_scene9_freq59_iso_tx23_yaw0,9,23,95,65,100,0,0,512,95,65,77,77,16,0.106100,0.893900,0.086944,0.120499,0.196984,2,7,2,1,0.606975,0.087814
173,farm_D1_scene9_freq59_iso_tx3_x115_y12_s100,D1_scene9_freq59_iso_tx3_yaw0,9,3,115,12,100,0,0,512,115,12,71,33,16,0.104300,0.895700,0.156389,0.134176,0.171620,2,8,2,1,0.531160,0.087843
174,farm_D1_scene9_freq59_iso_tx3_x115_y23_s100,D1_scene9_freq59_iso_tx3_yaw0,9,3,115,23,100,0,0,512,115,23,71,22,16,0.104300,0.895700,0.166389,0.134176,0.171620,2,7,2,1,0.531160,0.087843
175,farm_D1_scene7_freq59_iso_tx55_x215_y199_s100,D1_scene7_freq59_iso_tx55_yaw0,7,55,215,199,100,0,0,512,215,199,59,70,16,0.106500,0.893500,0.150833,0.133483,0.193427,4,12,6,4,0.630047,0.087850
176,farm_D1_scene7_freq59_iso_tx55_x215_y186_s100,D1_scene7_freq59_iso_tx55_yaw0,7,55,215,186,100,0,0,512,215,186,59,83,16,0.115300,0.884700,0.143611,0.146295,0.155247,4,13,7,5,0.581960,0.087859
177,farm_D1_scene7_freq59_iso_tx51_x45_y182_s100,D1_scene7_freq59_iso_tx51_yaw0,7,51,45,182,100,0,0,512,45,182,47,83,16,0.150400,0.849600,0.236111,0.184557,0.196144,3,10,11,8,0.297207,0.088049
178,farm_D1_scene7_freq59_iso_tx41_x60_y166_s100,D1_scene7_freq59_iso_tx41_yaw0,7,41,60,166,100,0,0,512,60,166,35,70,16,0.103100,0.896900,0.025556,0.088643,0.306499,2,8,6,5,0.433560,0.088255
179,farm_D1_scene9_freq59_iso_tx11_x55_y49_s100,D1_scene9_freq59_iso_tx11_yaw0,9,11,55,49,100,0,0,512,55,49,47,16,16,0.105600,0.894400,0.148333,0.130540,0.186553,2,7,2,1,0.609848,0.088270
180,farm_D1_scene9_freq59_iso_tx3_x115_y0_s100,D1_scene9_freq59_iso_tx3_yaw0,9,3,115,0,100,0,0,512,115,0,71,45,16,0.104300,0.895700,0.114444,0.110976,0.233941,1,6,2,1,0.531160,0.088395
181,farm_D1_scene7_freq59_iso_tx55_x224_y210_s100,D1_scene7_freq59_iso_tx55_yaw0,7,55,224,210,100,0,0,512,224,210,50,59,16,0.105400,0.894600,0.124722,0.125866,0.165085,3,10,5,4,0.742884,0.088396
182,farm_D1_scene7_freq59_iso_tx32_x32_y143_s100,D1_scene7_freq59_iso_tx32_yaw0,7,32,32,143,100,0,0,512,32,143,83,29,16,0.121400,0.878600,0.092778,0.107168,0.369028,3,9,8,4,0.312191,0.088648
183,farm_D1_scene9_freq59_iso_tx23_x107_y65_s100,D1_scene9_freq59_iso_tx23_yaw0,9,23,107,65,100,0,0,512,107,65,65,77,16,0.105900,0.894100,0.053611,0.090893,0.280453,2,6,2,0,0.606232,0.088747
184,farm_D1_scene9_freq59_iso_tx11_x55_y0_s100,D1_scene9_freq59_iso_tx11_yaw0,9,11,55,0,100,0,0,512,55,0,47,65,16,0.105600,0.894400,0.039722,0.087604,0.292614,1,7,2,0,0.609848,0.089221
185,farm_D1_scene7_freq59_iso_tx51_x62_y182_s100,D1_scene7_freq59_iso_tx51_yaw0,7,51,62,182,100,0,0,512,62,182,30,83,16,0.102400,0.897600,0.034167,0.073753,0.360352,2,8,6,4,0.429688,0.089327
186,farm_D1_scene7_freq59_iso_tx36_x264_y127_s100,D1_scene7_freq59_iso_tx36_yaw0,7,36,264,127,100,0,0,512,264,127,50,29,16,0.096300,0.903700,0.085833,0.106821,0.261682,2,8,3,2,0.529595,0.089762
187,farm_D1_scene7_freq59_iso_tx36_x273_y127_s100,D1_scene7_freq59_iso_tx36_yaw0,7,36,273,127,100,0,0,512,273,127,41,29,16,0.096300,0.903700,0.096944,0.104917,0.261682,2,9,3,2,0.529595,0.089762
188,farm_D1_scene7_freq59_iso_tx41_x45_y201_s100,D1_scene7_freq59_iso_tx41_yaw0,7,41,45,201,100,0,0,512,45,201,50,35,16,0.160700,0.839300,0.186111,0.176766,0.271935,4,12,12,7,0.278158,0.089974
189,farm_D1_scene7_freq59_iso_tx51_x27_y235_s100,D1_scene7_freq59_iso_tx51_yaw0,7,51,27,235,100,0,0,512,27,235,65,30,16,0.160400,0.839600,0.122500,0.146122,0.327307,4,13,12,7,0.270574,0.090270
190,farm_D1_scene7_freq59_iso_tx42_x59_y161_s100,D1_scene7_freq59_iso_tx42_yaw0,7,42,59,161,100,0,0,512,59,161,78,65,16,0.100600,0.899400,0.033333,0.081025,0.303181,2,7,6,4,0.417495,0.090340
191,farm_D1_scene7_freq59_iso_tx34_x215_y159_s100,D1_scene7_freq59_iso_tx34_yaw0,7,34,215,159,100,0,0,512,215,159,35,23,16,0.097600,0.902400,0.087222,0.102839,0.271516,4,10,5,1,0.687500,0.090560
192,farm_D1_scene7_freq59_iso_tx31_x6_y137_s100,D1_scene7_freq59_iso_tx31_yaw0,7,31,6,137,100,0,0,512,6,137,77,29,16,0.119000,0.881000,0.114722,0.141101,0.154622,2,9,8,5,0.405042,0.090663
193,farm_D1_scene7_freq59_iso_tx31_x18_y137_s100,D1_scene7_freq59_iso_tx31_yaw0,7,31,18,137,100,0,0,512,18,137,65,29,16,0.119000,0.881000,0.068889,0.124654,0.165546,2,9,8,5,0.405042,0.090774
194,farm_D1_scene7_freq59_iso_tx36_x255_y127_s100,D1_scene7_freq59_iso_tx36_yaw0,7,36,255,127,100,0,0,512,255,127,59,29,16,0.096300,0.903700,0.046111,0.069425,0.388370,2,8,3,2,0.529595,0.090798
195,farm_D1_scene7_freq59_iso_tx30_x0_y128_s100,D1_scene7_freq59_iso_tx30_yaw0,7,30,0,128,100,0,0,512,0,128,23,65,16,0.095800,0.904200,0.050278,0.062846,0.413361,2,9,5,3,0.475992,0.090863
196,farm_D1_scene7_freq59_iso_tx34_x221_y153_s100,D1_scene7_freq59_iso_tx34_yaw0,7,34,221,153,100,0,0,512,221,153,29,29,16,0.093100,0.906900,0.092778,0.102320,0.242750,4,9,4,1,0.808808,0.091205
197,farm_D1_scene7_freq59_iso_tx44_x221_y153_s100,D1_scene7_freq59_iso_tx44_yaw0,7,44,221,153,100,0,0,512,221,153,16,78,16,0.093100,0.906900,0.092778,0.102320,0.242750,4,9,4,1,0.808808,0.091205
198,farm_D1_scene7_freq59_iso_tx51_x62_y212_s100,D1_scene7_freq59_iso_tx51_yaw0,7,51,62,212,100,0,0,512,62,212,30,53,16,0.101000,0.899000,0.032222,0.055055,0.475248,2,9,6,3,0.435644,0.091789
199,farm_D1_scene7_freq59_iso_tx51_x15_y248_s100,D1_scene7_freq59_iso_tx51_yaw0,7,51,15,248,100,0,0,512,15,248,77,17,16,0.137900,0.862100,0.138889,0.145949,0.208847,4,15,10,7,0.362582,0.091797
200,farm_D1_scene9_freq59_iso_tx13_x94_y67_s100,D1_scene9_freq59_iso_tx13_yaw0,9,13,94,67,100,0,0,512,94,67,83,29,16,0.102300,0.897700,0.071389,0.106994,0.240469,2,7,2,1,0.629521,0.092379
201,farm_D1_scene7_freq59_iso_tx41_x45_y153_s100,D1_scene7_freq59_iso_tx41_yaw0,7,41,45,153,100,0,0,512,45,153,50,83,16,0.117600,0.882400,0.121944,0.107860,0.354592,3,7,8,3,0.322279,0.092387
202,farm_D1_scene9_freq59_iso_tx13_x106_y67_s100,D1_scene9_freq59_iso_tx13_yaw0,9,13,106,67,100,0,0,512,106,67,71,29,16,0.102300,0.897700,0.043333,0.081891,0.310850,2,6,2,0,0.629521,0.092991
203,farm_D1_scene7_freq59_iso_tx35_x215_y158_s100,D1_scene7_freq59_iso_tx35_yaw0,7,35,215,158,100,0,0,512,215,158,41,16,16,0.096100,0.903900,0.082778,0.100762,0.266389,4,10,5,1,0.698231,0.093549
204,farm_D1_scene7_freq59_iso_tx44_x214_y196_s100,D1_scene7_freq59_iso_tx44_yaw0,7,44,214,196,100,0,0,512,214,196,23,35,16,0.109800,0.890200,0.146389,0.133483,0.196721,4,14,7,4,0.597450,0.093983
205,farm_D1_scene7_freq59_iso_tx42_x59_y196_s100,D1_scene7_freq59_iso_tx42_yaw0,7,42,59,196,100,0,0,512,59,196,78,30,16,0.106600,0.893400,0.046389,0.089335,0.265478,2,8,7,6,0.419325,0.094190
206,farm_D1_scene7_freq59_iso_tx41_x48_y177_s100,D1_scene7_freq59_iso_tx41_yaw0,7,41,48,177,100,0,0,512,48,177,47,59,16,0.140900,0.859100,0.189722,0.176593,0.211498,2,10,10,7,0.317246,0.094505
207,farm_D1_scene7_freq59_iso_tx42_x59_y210_s100,D1_scene7_freq59_iso_tx42_yaw0,7,42,59,210,100,0,0,512,59,210,78,16,16,0.106800,0.893200,0.040278,0.079294,0.343633,2,8,7,5,0.418539,0.094687
208,farm_D1_scene7_freq59_iso_tx41_x60_y195_s100,D1_scene7_freq59_iso_tx41_yaw0,7,41,60,195,100,0,0,512,60,195,35,41,16,0.106100,0.893900,0.041667,0.079467,0.297832,2,8,7,6,0.421301,0.095009
209,farm_D1_scene7_freq59_iso_tx34_x209_y166_s100,D1_scene7_freq59_iso_tx34_yaw0,7,34,209,166,100,0,0,512,209,166,41,16,16,0.094300,0.905700,0.070000,0.100242,0.207847,4,10,5,4,0.627784,0.095050
210,farm_D1_scene7_freq59_iso_tx36_x285_y127_s100,D1_scene7_freq59_iso_tx36_yaw0,7,36,285,127,100,0,0,512,285,127,29,29,16,0.094000,0.906000,0.093333,0.085007,0.376596,2,7,3,1,0.542553,0.095257
211,farm_D1_scene7_freq59_iso_tx50_x12_y249_s100,D1_scene7_freq59_iso_tx50_yaw0,7,50,12,249,100,0,0,512,12,249,33,50,16,0.134300,0.865700,0.153611,0.163262,0.195830,4,14,10,7,0.372301,0.095379
212,farm_D1_scene9_freq59_iso_tx13_x118_y13_s100,D1_scene9_freq59_iso_tx13_yaw0,9,13,118,13,100,0,0,512,118,13,59,83,16,0.097900,0.902100,0.140278,0.123269,0.186925,2,8,2,1,0.500511,0.095554
213,farm_D1_scene9_freq59_iso_tx13_x118_y25_s100,D1_scene9_freq59_iso_tx13_yaw0,9,13,118,25,100,0,0,512,118,25,59,71,16,0.097900,0.902100,0.143056,0.123269,0.186925,2,7,2,1,0.500511,0.095554
214,farm_D1_scene7_freq59_iso_tx44_x208_y184_s100,D1_scene7_freq59_iso_tx44_yaw0,7,44,208,184,100,0,0,512,208,184,29,47,16,0.106700,0.893300,0.105556,0.121537,0.159325,4,13,7,6,0.543580,0.095615
215,farm_D1_scene7_freq59_iso_tx31_x42_y150_s100,D1_scene7_freq59_iso_tx31_yaw0,7,31,42,150,100,0,0,512,42,150,41,16,16,0.114000,0.886000,0.120278,0.103359,0.328947,3,9,8,4,0.332456,0.095834
216,farm_D1_scene7_freq59_iso_tx42_x59_y179_s100,D1_scene7_freq59_iso_tx42_yaw0,7,42,59,179,100,0,0,512,59,179,78,47,16,0.104600,0.895400,0.056667,0.102147,0.220841,2,8,7,6,0.427342,0.095908
217,farm_D1_scene7_freq59_iso_tx55_x215_y210_s100,D1_scene7_freq59_iso_tx55_yaw0,7,55,215,210,100,0,0,512,215,210,59,59,16,0.094200,0.905800,0.136111,0.122576,0.138004,3,11,5,4,0.712314,0.096370
218,farm_D1_scene7_freq59_iso_tx31_x36_y144_s100,D1_scene7_freq59_iso_tx31_yaw0,7,31,36,144,100,0,0,512,36,144,47,22,16,0.113800,0.886200,0.090556,0.099896,0.369947,2,9,8,4,0.333040,0.096436
219,farm_D1_scene7_freq59_iso_tx55_x258_y210_s100,D1_scene7_freq59_iso_tx55_yaw0,7,55,258,210,100,0,0,512,258,210,16,59,16,0.095400,0.904600,0.088889,0.109765,0.198113,3,9,3,2,0.820755,0.096760
220,farm_D1_scene7_freq59_iso_tx41_x60_y177_s100,D1_scene7_freq59_iso_tx41_yaw0,7,41,60,177,100,0,0,512,60,177,35,59,16,0.104100,0.895900,0.048889,0.094010,0.264169,2,8,7,6,0.429395,0.096823
221,farm_D1_scene7_freq59_iso_tx35_x234_y152_s100,D1_scene7_freq59_iso_tx35_yaw0,7,35,234,152,100,0,0,512,234,152,22,22,16,0.095000,0.905000,0.135833,0.130021,0.126316,4,10,3,1,0.815789,0.096835
222,farm_D1_scene7_freq59_iso_tx34_x234_y152_s100,D1_scene7_freq59_iso_tx34_yaw0,7,34,234,152,100,0,0,512,234,152,16,30,16,0.095000,0.905000,0.135833,0.130021,0.126316,4,10,3,1,0.815789,0.096835
223,farm_D1_scene7_freq59_iso_tx51_x45_y206_s100,D1_scene7_freq59_iso_tx51_yaw0,7,51,45,206,100,0,0,512,45,206,47,59,16,0.158600,0.841400,0.167500,0.163954,0.264187,3,13,12,7,0.281841,0.097125
224,farm_D1_scene7_freq59_iso_tx41_x60_y207_s100,D1_scene7_freq59_iso_tx41_yaw0,7,41,60,207,100,0,0,512,60,207,35,29,16,0.104200,0.895800,0.036111,0.078255,0.338772,2,10,7,5,0.428983,0.097377
225,farm_D1_scene7_freq59_iso_tx44_x215_y172_s100,D1_scene7_freq59_iso_tx44_yaw0,7,44,215,172,100,0,0,512,215,172,22,59,16,0.106500,0.893500,0.132500,0.129675,0.195305,4,13,7,3,0.630047,0.097867
226,farm_D1_scene7_freq59_iso_tx32_x62_y156_s100,D1_scene7_freq59_iso_tx32_yaw0,7,32,62,156,100,0,0,512,62,156,53,16,16,0.091400,0.908600,0.010833,0.051247,0.466083,2,7,5,3,0.411379,0.098185
227,farm_D1_scene7_freq59_iso_tx41_x60_y158_s100,D1_scene7_freq59_iso_tx41_yaw0,7,41,60,158,100,0,0,512,60,158,35,78,16,0.095600,0.904400,0.025556,0.066309,0.375523,2,7,6,4,0.396444,0.099337
228,farm_D1_scene7_freq59_iso_tx44_x207_y166_s100,D1_scene7_freq59_iso_tx44_yaw0,7,44,207,166,100,0,0,512,207,166,30,65,16,0.091900,0.908100,0.052500,0.095048,0.213275,4,11,5,4,0.616975,0.099394
229,farm_D1_scene7_freq59_iso_tx50_x23_y249_s100,D1_scene7_freq59_iso_tx50_yaw0,7,50,23,249,100,0,0,512,23,249,22,50,16,0.132500,0.867500,0.090556,0.097472,0.421132,3,14,10,6,0.377358,0.099786
230,farm_D1_scene9_freq59_iso_tx22_x87_y69_s100,D1_scene9_freq59_iso_tx22_yaw0,9,22,87,69,100,0,0,512,87,69,16,65,16,0.097600,0.902400,0.060278,0.093144,0.284836,2,6,2,0,0.659836,0.100117
231,farm_D1_scene7_freq59_iso_tx7_x326_y0_s100,D1_scene7_freq59_iso_tx7_yaw0,7,7,326,0,100,0,0,512,326,0,71,24,16,0.093700,0.906300,0.096944,0.098511,0.270011,4,9,3,1,0.803629,0.100191
232,farm_D1_scene7_freq59_iso_tx7_x326_y8_s100,D1_scene7_freq59_iso_tx7_yaw0,7,7,326,8,100,0,0,512,326,8,71,16,16,0.093700,0.906300,0.084444,0.095741,0.270011,4,8,3,1,0.803629,0.100191
233,farm_D1_scene7_freq59_iso_tx50_x0_y269_s100,D1_scene7_freq59_iso_tx50_yaw0,7,50,0,269,100,0,0,512,0,269,45,30,16,0.090500,0.909500,0.118333,0.114612,0.162431,2,11,5,4,0.552486,0.100348
234,farm_D1_scene7_freq59_iso_tx50_x12_y269_s100,D1_scene7_freq59_iso_tx50_yaw0,7,50,12,269,100,0,0,512,12,269,33,30,16,0.090500,0.909500,0.058889,0.108380,0.162431,2,10,5,4,0.552486,0.100348
235,farm_D1_scene7_freq59_iso_tx61_x8_y269_s100,D1_scene7_freq59_iso_tx61_yaw0,7,61,8,269,100,0,0,512,8,269,83,77,16,0.090500,0.909500,0.084444,0.114612,0.162431,2,11,5,4,0.552486,0.100348
236,farm_D1_scene7_freq59_iso_tx41_x30_y165_s100,D1_scene7_freq59_iso_tx41_yaw0,7,41,30,165,100,0,0,512,30,165,65,71,16,0.182600,0.817400,0.229444,0.213123,0.201533,4,13,11,9,0.244797,0.100621
237,farm_D1_scene7_freq59_iso_tx61_x14_y263_s100,D1_scene7_freq59_iso_tx61_yaw0,7,61,14,263,100,0,0,512,14,263,77,83,16,0.094800,0.905200,0.088611,0.122403,0.063291,3,10,6,6,0.527426,0.100938
238,farm_D1_scene7_freq59_iso_tx51_x51_y212_s100,D1_scene7_freq59_iso_tx51_yaw0,7,51,51,212,100,0,0,512,51,212,41,53,16,0.137800,0.862200,0.093889,0.130367,0.328737,2,11,10,5,0.324383,0.100957
239,farm_D1_scene7_freq59_iso_tx55_x239_y216_s100,D1_scene7_freq59_iso_tx55_yaw0,7,55,239,216,100,0,0,512,239,216,35,53,16,0.093500,0.906500,0.075000,0.087777,0.279144,4,10,5,2,0.824599,0.101058
240,farm_D1_scene7_freq59_iso_tx51_x15_y236_s100,D1_scene7_freq59_iso_tx51_yaw0,7,51,15,236,100,0,0,512,15,236,77,29,16,0.173100,0.826900,0.190000,0.211738,0.151358,4,15,12,9,0.288850,0.101102
241,farm_D1_scene7_freq59_iso_tx30_x0_y158_s100,D1_scene7_freq59_iso_tx30_yaw0,7,30,0,158,100,0,0,512,0,158,23,35,16,0.183800,0.816200,0.315833,0.250173,0.149075,4,13,11,8,0.262242,0.101372
242,farm_D1_scene7_freq59_iso_tx17_x325_y18_s100,D1_scene7_freq59_iso_tx17_yaw0,7,17,325,18,100,0,0,512,325,18,50,36,16,0.093100,0.906900,0.090278,0.091586,0.303974,4,9,3,1,0.808808,0.101689
243,farm_D1_scene7_freq59_iso_tx61_x20_y269_s100,D1_scene7_freq59_iso_tx61_yaw0,7,61,20,269,100,0,0,512,20,269,71,77,16,0.090500,0.909500,0.047778,0.065443,0.356906,2,11,5,4,0.552486,0.101843
244,farm_D1_scene7_freq59_iso_tx55_x209_y192_s100,D1_scene7_freq59_iso_tx55_yaw0,7,55,209,192,100,0,0,512,209,192,65,77,16,0.110500,0.889500,0.115556,0.124307,0.228054,4,14,8,5,0.535747,0.102355
245,farm_D1_scene7_freq59_iso_tx56_x238_y220_s100,D1_scene7_freq59_iso_tx56_yaw0,7,56,238,220,100,0,0,512,238,220,78,83,16,0.092500,0.907500,0.056944,0.067175,0.416216,4,10,5,2,0.750270,0.102525
246,farm_D1_scene7_freq59_iso_tx31_x30_y137_s100,D1_scene7_freq59_iso_tx31_yaw0,7,31,30,137,100,0,0,512,30,137,53,29,16,0.107500,0.892500,0.051389,0.084834,0.353488,2,7,8,3,0.368372,0.103094
247,farm_D1_scene7_freq59_iso_tx35_x221_y152_s100,D1_scene7_freq59_iso_tx35_yaw0,7,35,221,152,100,0,0,512,221,152,35,22,16,0.092100,0.907900,0.087778,0.099723,0.251900,4,8,3,1,0.812161,0.103223
248,farm_D1_scene7_freq59_iso_tx32_x38_y150_s100,D1_scene7_freq59_iso_tx32_yaw0,7,32,38,150,100,0,0,512,38,150,77,22,16,0.125600,0.874400,0.121944,0.113747,0.316083,3,10,10,4,0.301752,0.103806
249,farm_D1_scene7_freq59_iso_tx44_x215_y208_s100,D1_scene7_freq59_iso_tx44_yaw0,7,44,215,208,100,0,0,512,215,208,22,23,16,0.095400,0.904600,0.140833,0.126558,0.131027,4,10,6,4,0.703354,0.103869
250,farm_D1_scene7_freq59_iso_tx50_x29_y229_s100,D1_scene7_freq59_iso_tx50_yaw0,7,50,29,229,100,0,0,512,29,229,16,70,16,0.164800,0.835200,0.162778,0.161877,0.274879,4,16,13,10,0.271238,0.104072
