method,mean_nmse,outage_ratio,service_completion_ratio,episodes
greedy_astar_2path_support_noquant,0.10232406804917907,0.05182291666666666,0.9197008962675366,24
greedy_astar_2path_support_quant,0.08689741334882357,0.014583333333333334,1.0,24
happo_noquant,0.2961280201562062,0.10052083333333332,0.880946940108861,24
happo_quant,0.06809694884811904,0.35182291666666665,0.8111633191564867,24
ippo_noquant,0.3675172385770515,0.0,1.0,24
ippo_quant,0.07837691021941674,0.44661458333333337,0.7017228614616027,24
mappo_noquant,0.32629921690991215,0.17786458333333333,0.7995573160128218,24
mappo_quant,0.0719976059721934,0.3984375,0.8412716638182034,24
ppo_astar_2path_support_recovery_lite_noquant,0.04291491824278635,0.07265625,0.9581280752775037,24
ppo_astar_2path_support_recovery_lite_quant,0.030191173073150005,0.04791666666666666,0.9985632296841267,24
ppo_astar_target_noquant,0.05264959209786012,0.19322916666666667,0.8765352546320174,24
ppo_astar_target_quant,0.04004411630869957,0.15338541666666666,0.9662459062397722,24
ppo_fixed_noquant,0.16030227314752477,0.07395833333333333,0.9622972632421809,24
ppo_fixed_quant,0.0727403709827306,0.44296875,0.7218635683540783,24
total_random_noquant,0.16621498082510644,0.0890625,0.9266472595011392,24
total_random_quant,0.16740855992615203,0.09114583333333334,0.9843193477779499,24
